{
  "edc1-dev" : {
  "appHostSuffix": "-dev",
  "appInstances": 1,
  "logLevel": "DEBUG",
  "profile": "dev"
},
  "dev-edc1" : {
    "appHostSuffix": "-dev",
    "appInstances": 1,
    "logLevel": "DEBUG",
    "profile": "prod"
  },
  "dev-edc2" : {
    "appHostSuffix": "-dev",
    "appInstances": 1,
    "logLevel": "DEBUG",
    "profile": "prod"
  },
  "prod-edc1" : {
    "appHostSuffix": "",
    "appInstances": 2,
    "logLevel": "WARN",
    "profile": "prod"
  },
  "prod-edc2" : {
    "appHostSuffix": "",
    "appInstances": 2,
    "logLevel": "WARN",
    "profile": "prod"
  }
}
